{
    "metadata": {
        "fecha_analisis": "2026-01-15",
        "num_registros": 1081,
        "periodo_temporal": [
            "19-20",
            "20-21",
            "21-22",
            "22-23"
        ]
    },
    "estadisticas_globales": {
        "abandono_medio": 0.09568344419121505,
        "rendimiento_medio": 0.880743744122325,
        "correlacion_abandono_rendimiento": {
            "coeficiente": -0.44092345481896333,
            "p_value": 1.2213479092437155e-52
        }
    },
    "analisis_por_rama": {
        "Ciències de la salut": {
            "estadisticas": {
                "abandono": {
                    "media": 0.07492842115276725,
                    "desviacion_std": 0.09051358018483285
                },
                "rendimiento": {
                    "media": 0.9076961576517852,
                    "desviacion_std": 0.06887686023092611
                }
            },
            "tendencia_abandono": {
                "pendiente": -0.011851696034339129,
                "tipo": "decreciente"
            }
        },
        "Ciències socials i jurídiques": {
            "estadisticas": {
                "abandono": {
                    "media": 0.09241675392077763,
                    "desviacion_std": 0.06708356015981852
                },
                "rendimiento": {
                    "media": 0.8973144415805686,
                    "desviacion_std": 0.06511152376338765
                }
            },
            "tendencia_abandono": {
                "pendiente": -4.5665275591579015e-05,
                "tipo": "estable"
            }
        },
        "Arts i humanitats": {
            "estadisticas": {
                "abandono": {
                    "media": 0.13856621323254148,
                    "desviacion_std": 0.12333012462509825
                },
                "rendimiento": {
                    "media": 0.8505415110589107,
                    "desviacion_std": 0.10238036683343346
                }
            },
            "tendencia_abandono": {
                "pendiente": 0.0018219919699571693,
                "tipo": "estable"
            }
        },
        "Enginyeria i arquitectura": {
            "estadisticas": {
                "abandono": {
                    "media": 0.097297822339536,
                    "desviacion_std": 0.0692561791568208
                },
                "rendimiento": {
                    "media": 0.843617757094976,
                    "desviacion_std": 0.08120441764982778
                }
            },
            "tendencia_abandono": {
                "pendiente": -0.0022462608220179827,
                "tipo": "estable"
            }
        },
        "Ciències": {
            "estadisticas": {
                "abandono": {
                    "media": 0.07155608322047925,
                    "desviacion_std": 0.07031153722323953
                },
                "rendimiento": {
                    "media": 0.8961165776870353,
                    "desviacion_std": 0.0826545805802279
                }
            },
            "tendencia_abandono": {
                "pendiente": 0.0034121469003417226,
                "tipo": "estable"
            }
        }
    },
    "rankings": {
        "mejor_rendimiento": "Ciències de la salut",
        "peor_rendimiento": "Enginyeria i arquitectura",
        "mayor_abandono": "Arts i humanitats",
        "menor_abandono": "Ciències"
    }
}